{
    "operating_conditions": {
        "Thrust": 5000.0000038199,
        "P_cc": 3500000.0,
        "P_exit": 101325.0,
        "mdot_LOx": 1.2523519905736131,
        "mdot_IPA": 0.7101464633719627
    },
    "part_mating": {
        "R_cc": 45.0,
        "IR_Ioring": 48.0,
        "OR_Ioring": 51.0,
        "Mr_chnl": 55.5,
        "max_th_chnl": 3.0,
        "IR_Ooring": 60.0,
        "OR_Ooring": 63.0,
        "r_bolt": 71.0,
        "D_bolt": 6.3,
        "flange_outer_radius": 73.0
    },
    "chamber": {
        "L_cc": 97.99294305644807,
        "R_tht": 17.608401301354494,
        "AEAT": 5.729504494262511,
        "NLF": 1.0,
        "phi_conv": -0.7853981633974483,
        "phi_div": 0.35425207937717496,
        "phi_exit": 0.13388817658055888
    }
}
