{
    "operating_conditions": {
        "Thrust": 4999.999342840046,
        "P_cc": 3500000.0,
        "P_exit": 101325.0,
        "Pr_IPA": 1.2,
        "T_IPA": 298.15,
        "mdot_LOx": 1.236985593807341,
        "mdot_IPA": 0.7238656809105908
    },
    "part_mating": {
        "R_cc": 45.0,
        "IR_Ioring": 48.0,
        "OR_Ioring": 51.0,
        "Mr_chnl": 55.5,
        "max_th_chnl": 3.0,
        "IR_Ooring": 60.0,
        "OR_Ooring": 63.0,
        "r_bolt": 71.0,
        "D_bolt": 6.3,
        "flange_outer_radius": 73.0
    },
    "chamber": {
        "L_cc": 98.07386498996284,
        "R_tht": 17.61567025249974,
        "AEAT": 5.73686552235359,
        "NLF": 1.0,
        "phi_conv": -0.6108652381980153,
        "phi_div": 0.3543402419470093,
        "phi_exit": 0.13381407023195657,
        "helix_angle": 0.5235987755982988,
        "th_iw": 1.5,
        "no_web": 32,
        "th_web": 1.5,
        "psi_web": 1.6937308453098017
    },
    "material": {
        "roughness_depth": 0.000135
    }
}
