{
    "operating_conditions": {
        "Thrust": 5065.3639054596115,
        "P_cc": 3500000.0,
        "P_exit": 101325.0,
        "Pr_IPA": 1.2,
        "T_IPA": 298.15,
        "mdot_LOx": 1.192057352944287,
        "mdot_IPA": 0.851469537817348
    },
    "part_mating": {
        "R_cc": 45.0,
        "IR_Ioring": 48.0,
        "OR_Ioring": 51.0,
        "Mr_chnl": 55.5,
        "max_th_chnl": 3.0,
        "IR_Ooring": 60.0,
        "OR_Ooring": 63.0,
        "r_bolt": 71.0,
        "D_bolt": 6.3,
        "flange_outer_radius": 73.0
    },
    "chamber": {
        "L_cc": 101.25938498459347,
        "R_tht": 17.89946990284392,
        "AEAT": 5.461837207867982,
        "NLF": 1.0,
        "phi_conv": -0.6108652381980153,
        "phi_div": 0.3509677827937431,
        "phi_exit": 0.13673396913887806,
        "helix_angle": 0.5235987755982988,
        "th_iw": 1.4,
        "th_ow": 3.5,
        "no_web": 40,
        "th_web": 1.5,
        "psi_web": 1.6180924907726406
    }
}
