{
    "operating_conditions": {
        "Thrust": 5000.0000038199,
        "P_cc": 3500000.0,
        "P_exit": 101325.0,
        "mdot_LOx": 1.2523519905736131,
        "mdot_IPA": 0.7101464633719627
    },
    "part_mating": {
        "R_cc": 45.0
    },
    "chamber": {
        "L_cc": 97.99294305644807,
        "R_tht": 17.608401301354494,
        "AEAT": 5.729504494262511,
        "NLF": 1.0,
        "phi_conv": -0.7853981633974483,
        "phi_div": 0.35425207937717496,
        "phi_exit": 0.13388817658055888
    }
}
