{
    "operating_conditions": {
        "Thrust": 5000.568476616217,
        "P_cc": 3500000.0,
        "P_exit": 101325.0,
        "Pr_IPA": 1.2,
        "T_IPA": 298.15,
        "mdot_LOx": 1.2556549058269346,
        "mdot_IPA": 0.8968963613049534
    },
    "part_mating": {
        "R_cc": 45.0,
        "IR_Ioring": 48.0,
        "OR_Ioring": 51.0,
        "Mr_chnl": 55.5,
        "max_th_chnl": 3.0,
        "IR_Ooring": 60.0,
        "OR_Ooring": 63.0,
        "r_bolt": 71.0,
        "D_bolt": 6.3,
        "flange_outer_radius": 73.0
    },
    "chamber": {
        "L_cc": 106.66168301624113,
        "AEAT": 5.461837207867982,
        "R_tht": 18.37074389943356,
        "NLF": 1.0,
        "phi_conv": -0.5235987755982988,
        "phi_div": 0.3509677827937431,
        "phi_exit": 0.13673396913887806,
        "th_iw": 1.4,
        "th_ow": 3.5
    },
    "injector": {
        "D_fc": 0.5010729166751315,
        "no_fcg": [
            33
        ],
        "theta0_fcg": [
            0.0
        ]
    }
}
