{
  "rChamber": 0.045,
  "rThroat": 0.015,
  "rExit": 0.110,
  "chamberLength": 0.28,
  "throatAngleDeg": 28,
  "exitAngleDeg": 10,
  "NLF": 1.0,
  "D_exit": 0.22,
  "D_tht": 0.03,
  "D_c": 0.09,
  "theta_div": 0.4886921905584123,
  "theta_conv": 0.4,
  "theta_exit": 0.17453292519943295
}
